O21A-x30PCR1,ACTTCAAT,GCGCTGAT
O21B-x30PCR1,TGTGCTCA,GCGCTGAT
O22A-x30PCR1,TACAGCCG,GCGCTGAT
O22B-x30PCR1,CTGTCTGG,GCGCTGAT
O26A-x30PCR1,GGTTTCTC,GCGCTGAT
O26B-x30PCR1,CGTCAGCA,GCGCTGAT
O27A-x30PCR1,ATAACGAA,GCGCTGAT
O27B-x30PCR1,TAGAAATG,GCGCTGAT
O28-x10PCR1,ACGCAGAG,GCGCTGAT
O29A-x10PCR1,GGTGACAC,GCGCTGAT
O29B-x10PCR1,TGACCAGT,GCGCTGAT
O30-x10PCR1,GGCCTAAG,GCGCTGAT
OC1-x10PCR1,GGGCCAAT,GCGCTGAT
OC2-x10PCR1,TTCCGAGT,GCGCTGAT
O1A-x10PCR1,ATGACCGA,GCGCTGAT
O24-x10PCR1,ATATACCT,GCGCTGAT
O23A-x10PCR1,TGCGTATC,GCGCTGAT
O23B-x10PCR1,TTGTGACT,GCGCTGAT
O-PCR2NC,GTTACGAT,GCGCTGAT
O25-x10PCR1,AACCCTTG,GCGCTGAT
ONS-x10PCR1,AAATGTCG,GCGCTGAT
OSO-x10PCR1,CCCTTCAG,GCGCTGAT
O1B-x10PCR1,CATACATT,GCGCTGAT
O-x10PCR1NC,TTGAGGGT,GCGCTGAT
S1-x10PCR1,CGAACGTA,GGAGGTTT
S2-x10PCR1,TTCGGCCT,GGAGGTTT
S3-x10PCR1,TGTGTCCT,GGAGGTTT
S4-x10PCR1,CTGGTGCA,GGAGGTTT
S5-x10PCR1,ATATGCAT,GGAGGTTT
S6-x10PCR1,AGTGATGC,GGAGGTTT
S7-x10PCR1,TCCTTATT,GGAGGTTT
S8-x10PCR1,CGAGTCTG,GGAGGTTT
S9-x10PCR1,AGGATTCA,GGAGGTTT
S10-x10PCR1,GCAGCTAA,GGAGGTTT
S11-x10PCR1,TGGGTCAA,GGAGGTTT
S12-x10PCR1,AATTCCCA,GGAGGTTT
S13-x10PCR1,ACGGTAGC,GGAGGTTT
S14-x10PCR1,CACAGTTT,GGAGGTTT
S15-x10PCR1,TCACGTTT,GGAGGTTT
S16-x10PCR1,CTTCGATT,GGAGGTTT
S17-x10PCR1,TTATAGCC,GGAGGTTT
S18-x10PCR1,TTTAACAG,GGAGGTTT
S-PCR2NC1,TTCCGCTC,GGAGGTTT
S-PCR2NC2,TTAAGCGT,GGAGGTTT
V1-x30PCR1,AGGTTGTG,AACGCCAA
V2-x30PCR1,GTTTGTTT,AACGCCAA
V3-x30PCR1,AAACTGGT,AACGCCAA
V4-x30PCR1,GTCTCCAA,AACGCCAA
V5-x30PCR1,CAATACTT,AACGCCAA
V6-x30PCR1,ATGTTGGC,AACGCCAA
V7-x30PCR1,GACAAAGG,AACGCCAA
V8-x30PCR1,CCCGAATG,AACGCCAA
V9-x30PCR1,GAGGCTGA,AACGCCAA
V10-x30PCR1,ATTTCCGG,AACGCCAA
V11-x30PCR1,GTATGAGT,AACGCCAA
V12-x30PCR1,GTTGTCAT,AACGCCAA
V13-x30PCR1,ATCCCACG,AACGCCAA
V14-x30PCR1,TGATAACA,AACGCCAA
V15-x30PCR1,GCTTTGGC,AACGCCAA
V16-x30PCR1,TTGCATAT,AACGCCAA
V17-x30PCR1,AACAATCC,AACGCCAA
V18-x30PCR1,TGGCTACC,AACGCCAA
V19-x30PCR1,GGCATGCT,AACGCCAA
V20-x30PCR1,AAATCGTT,AACGCCAA
V21-x30PCR1,ACCTTCTT,AACGCCAA
V22-x30PCR1,GAGCGGTA,AACGCCAA
V23-x30PCR1,CAGACCAT,AACGCCAA
VNS-x30PCR1,ACGTATAC,AACGCCAA
V0-x10PCR1,TCGTCATG,AACGCCAA
V17-x10PCR1,TAGTCGCA,AACGCCAA
V18-x10PCR1,AGGCAACG,AACGCCAA
V19-x10PCR1,GAAGGCTT,AACGCCAA
V22-x10PCR1,GTACACTC,AACGCCAA
V23-x10PCR1,GGGAACCT,AACGCCAA
V24-x10PCR1,CGGGCTTT,AACGCCAA
V25-x10PCR1,GACAACTT,AACGCCAA
V0-x30PCR1,GCAACCTG,AACGCCAA
V-PCR2NC1,GGAAACAG,AACGCCAA
V-PCR2NC2,TCCTAGAA,AACGCCAA
B21-x10PCR1,ATGCGGAT,CCTATTTA
B24-x10PCR1,AAACTCGA,CCTATTTA
B27-x10PCR1,GTCAATAC,CCTATTTA
B4DF-x10PCR1,CTACGAGC,CCTATTTA
B14-x10PCR1,TCGAAGCT,CCTATTTA
B10H-x10PCR1,TCGGTTTA,CCTATTTA
B35-x10PCR1,GAATGCAA,CCTATTTA
B1DF-x10PCR1,GATTTACC,CCTATTTA
B1H-x10PCR1,ACTTCAAT,CCTATTTA
B9DF-x10PCR1,TGTGCTCA,CCTATTTA
B4H-x10PCR1,TACAGCCG,CCTATTTA
B8H-x10PCR1,CTGTCTGG,CCTATTTA
B9H-x10PCR1,GGTTTCTC,CCTATTTA
BExNC1-x10PCR1,CGTCAGCA,CCTATTTA
B7H-x10PCR1,ATAACGAA,CCTATTTA
B7DF-x10PCR1,TAGAAATG,CCTATTTA
B8H-x30PCR1,ACGCAGAG,CCTATTTA
B9DF-x30PCR1,GGTGACAC,CCTATTTA
B9H-x30PCR1,TGACCAGT,CCTATTTA
B10DF-x30PCR1,GGCCTAAG,CCTATTTA
B10H-x30PCR1,GGGCCAAT,CCTATTTA
B14-x30PCR1,TTCCGAGT,CCTATTTA
B21-x30PCR1,ATGACCGA,CCTATTTA
B24-x30PCR1,ATATACCT,CCTATTTA
B1DF-x30PCR1,TGCGTATC,CCTATTTA
B1H-x30PCR1,TTGTGACT,CCTATTTA
B4DF-x30PCR1,GTTACGAT,CCTATTTA
B4H-x30PCR1,AACCCTTG,CCTATTTA
B6-x30PCR1,AAATGTCG,CCTATTTA
B7DF-x30PCR1,CCCTTCAG,CCTATTTA
B7H-x30PCR1,CATACATT,CCTATTTA
BPCR2NC1,TTGAGGGT,CCTATTTA
B6-x10PCR1,CGAACGTA,CCTATTTA
B37-x10PCR1,TTCGGCCT,CCTATTTA
B36-x10PCR1,TGTGTCCT,CCTATTTA
B10DF-x10PCR1,CTGGTGCA,CCTATTTA
BPCRNC1-x10PCR1,ATATGCAT,CCTATTTA
B8H-Rpt-x10PCR1,AGTGATGC,CCTATTTA
B27-x30PCR1,TCCTTATT,CCTATTTA
B35-x30PCR1,CGAGTCTG,CCTATTTA
B36-x30PCR1,AGGATTCA,CCTATTTA
B37-x30PCR1,GCAGCTAA,CCTATTTA
BExNC1-x30PCR1,TGGGTCAA,CCTATTTA
B28-x30PCR1,AATTCCCA,CCGAGATC
B31ND2-x30PCR1,ACGGTAGC,CCGAGATC
B19DF-x30PCR1,CACAGTTT,CCGAGATC
BPCRNC2-x30PCR1,TCACGTTT,CCGAGATC
BPCR2NC2,CTTCGATT,CCGAGATC
B32DF-x10PCR1,TTATAGCC,CCGAGATC
B34H-x10PCR1,TTTAACAG,CCGAGATC
B15MH-x10PCR1,TTCCGCTC,CCGAGATC
B29-x10PCR1,TTAAGCGT,CCGAGATC
B18-x10PCR1,AGAAGTTA,CCGAGATC
B12-x10PCR1,GCCAAGAT,CCGAGATC
B19H-x10PCR1,AAATCAGA,CCGAGATC
B31ND1-x10PCR1,AGCGCCTT,CCGAGATC
B3-x10PCR1,AGGTTGTG,CCGAGATC
B16-x10PCR1,GTTTGTTT,CCGAGATC
B38-x10PCR1,AAACTGGT,CCGAGATC
B25-x10PCR1,GTCTCCAA,CCGAGATC
B15FDF-x10PCR1,CAATACTT,CCGAGATC
B26-x10PCR1,ATGTTGGC,CCGAGATC
BExNC2-x10PCR1,GACAAAGG,CCGAGATC
B30H-x10PCR1,CCCGAATG,CCGAGATC
B30DF-x10PCR1,GAGGCTGA,CCGAGATC
B22-x10PCR1,ATTTCCGG,CCGAGATC
B20DF-x10PCR1,GTATGAGT,CCGAGATC
B34DF-x10PCR1,GTTGTCAT,CCGAGATC
B20H-x10PCR1,ATCCCACG,CCGAGATC
B32H-x10PCR1,TGATAACA,CCGAGATC
B28-x10PCR1,GCTTTGGC,CCGAGATC
B31ND2-x10PCR1,TAGAAATG,CCGAGATC
B19DF-x10PCR1,AACAATCC,CCGAGATC
BPCRNC2-x10PCR1,TGGCTACC,CCGAGATC
B32DF-x30PCR1,GGCATGCT,CCGAGATC
B34H-x30PCR1,AAATCGTT,CCGAGATC
B15MH-x30PCR1,ACCTTCTT,CCGAGATC
B29-x30PCR1,GAGCGGTA,CCGAGATC
B18-x30PCR1,CAGACCAT,CCGAGATC
B12-x30PCR1,ACGTATAC,CCGAGATC
B19H-x30PCR1,TCGTCATG,CCGAGATC
B31ND1-x30PCR1,TAGTCGCA,CCGAGATC
B3-x30PCR1,AGGCAACG,CCGAGATC
B16-x30PCR1,GAAGGCTT,CCGAGATC
B38-x30PCR1,GTACACTC,CCGAGATC
B25-x30PCR1,GGGAACCT,CCGAGATC
B15FDF-x30PCR1,CGGGCTTT,CCGAGATC
B26-x30PCR1,GACAACTT,CCGAGATC
BExNC2-x30PCR1,TAGTGGAC,CCGAGATC
B30H-x30PCR1,TTCCAGAC,CCGAGATC
B30DF-x30PCR1,GGTCATAA,CCGAGATC
B22-x30PCR1,CACGGACT,CCGAGATC
B20DF-x30PCR1,GCAACCTG,CCGAGATC
B34DF-x30PCR1,GGAAACAG,CCGAGATC
B20H-x30PCR1,TCCTAGAA,CCGAGATC
B32H-x30PCR1,TTGCATAT,CCGAGATC